Nama,Alamat Lengkap,Kategori Detail,Latitude,Longitude
The Gade Coffee and Gold,"The Gade Coffee and Gold, Jalan Haji Agus Salim, Gambir, Central Jakarta 10110, Java, Indonesia","catering, catering.cafe",-6.1828398,106.8247362
Jakarta Coffee House,"Jakarta Coffee House, Jalan Kyai Haji Wahid Hasyim, Menteng, Central Jakarta 10350, Java, Indonesia","catering, catering.cafe",-6.1873724,106.8281014
Filosofi Kopi Pos Bloc,"Filosofi Kopi Pos Bloc, Jalan Pos, Sawah Besar, Central Jakarta 10120, Java, Indonesia","catering, catering.cafe",-6.166904,106.8335014
Kay's Cafe,"Kay's Cafe, Jalan Pintu Air Raya, Sawah Besar, Central Jakarta 10120, Java, Indonesia","catering, catering.cafe",-6.1630025,106.8324007
Excelso Express,"Excelso Express, Jalan Kenari II, Senen, Central Jakarta 10430, Java, Indonesia","catering, catering.cafe",-6.1946364,106.8459773
Tanamera Coffee,"Tanamera Coffee, Jalan Teluk Betung, Tanah Abang, Central Jakarta 10230, Java, Indonesia","catering, catering.cafe",-6.1955736,106.8168132
Starbucks,"Starbucks, Jalan Cikini Raya 4, Menteng, Central Jakarta 10330, Java, Indonesia","catering, catering.cafe, catering.cafe.coffee, catering.cafe.coffee_shop",-6.1880008,106.8366042
置屋,"置屋, Jalan Kebon Jeruk XIX, Taman Sari, West Jakarta 11130, Java, Indonesia","catering, catering.cafe",-6.150518,106.8177081
Upnormal,"Upnormal, Jalan Kyai Haji Wahid Hasyim, Menteng, Central Jakarta 10350, Java, Indonesia","catering, catering.cafe",-6.1874166,106.8265823
Kopi Kenangan,"Kopi Kenangan, Jalan Kyai Haji Hasyim Ashari, Gambir, Central Jakarta 10160, Java, Indonesia","catering, catering.cafe, catering.cafe.coffee, catering.cafe.coffee_shop, halal, halal.only",-6.1649498,106.8126769
Tator,"Tator, Jalan Jaksa, Menteng, Central Jakarta 10340, Java, Indonesia","accommodation, accommodation.hotel, catering, catering.cafe",-6.185756,106.8291834
Mouse Coffee,"Mouse Coffee, Jalan Hayam Wuruk 43, Taman Sari, West Jakarta 11160, Java, Indonesia","catering, catering.cafe, internet_access",-6.1594407,106.8193203
BRISKOP Brisket & Coffee,"BRISKOP Brisket & Coffee, Jalan Petamburan I, Tanah Abang, Central Jakarta 10260, Java, Indonesia","building, building.catering, catering, catering.cafe",-6.1904541,106.8066139
Ketan Susu Kemayoran,"Ketan Susu Kemayoran, Jalan Kemayoran Gempol, RW 08, Central Jakarta 10620, Java, Indonesia","catering, catering.cafe",-6.1608148,106.8492458
Janji Jiwa,"Janji Jiwa, Jalan Tanjung Karang, Tanah Abang, Central Jakarta 10230, Java, Indonesia","catering, catering.cafe, catering.cafe.coffee, catering.cafe.coffee_shop",-6.2013601,106.8224126
Gramasi Coffee,"Gramasi Coffee, Gang Ampiun, Menteng, Central Jakarta 10320, Java, Indonesia","catering, catering.cafe, catering.cafe.coffee, catering.cafe.coffee_shop",-6.1981073,106.8413867
Memories Cafe,"Memories Cafe, Jalan Jaksa, Menteng, Central Jakarta 10340, Java, Indonesia","catering, catering.cafe",-6.1847356,106.8294463
Nama Tidak Diketahui,"Jalan Medan Merdeka Barat 12, Gambir, Central Jakarta 10110, Java, Indonesia","catering, catering.cafe",-6.1756763,106.8222827
D2 bakery,"D2 Bakery Cafe, Jalan Kyai Haji Hasyim Ashari, Gambir, Central Jakarta 10160, Java, Indonesia","catering, catering.cafe",-6.165169,106.8136109
Shisha Cafe Menteng,"Shisha Cafe Menteng, Jalan Haji Oemar Said Cokroaminoto No.79, Menteng, Central Jakarta 10310, Java, Indonesia","catering, catering.cafe, internet_access, internet_access.free",-6.1968987,106.8287768
Point Coffee,"Point Coffee, Jalan Pasar Senen, Senen, Central Jakarta 10460, Java, Indonesia","catering, catering.cafe, catering.cafe.coffee, catering.cafe.coffee_shop",-6.1733588,106.8436849
Kapitan Lim Resto dan Kopi,"Kapitan Lim Resto dan Kopi, Jalan Fakhrudin, Tanah Abang, Central Jakarta 10250, Java, Indonesia","catering, catering.cafe",-6.1869113,106.8153128
Toko Kopi TUKU - Sabang,"Toko Kopi TUKU - Sabang, Jalan Haji Agus Salim, Menteng, Central Jakarta 10340, Java, Indonesia","catering, catering.cafe, catering.cafe.coffee, catering.cafe.coffee_shop",-6.1849421,106.8251086
Tomoro,"Tomoro, Jalan Haji Oemar Said Cokroaminoto 79, Menteng, Central Jakarta 10310, Java, Indonesia","catering, catering.cafe",-6.1964719,106.828882
Merdeka Lounge,"Merdeka Lounge, Jalan Majapahit, Gambir, Central Jakarta 10130, Java, Indonesia","catering, catering.cafe",-6.1680503,106.821616
Phoenam,"Phoenam, Jalan KH Wahid Hasyim, Menteng, Central Jakarta 10340, Java, Indonesia","catering, catering.cafe",-6.187372,106.8273287
Saudagar Kopi Sabang,"Saudagar Kopi Sabang, Jalan Haji Agus Salim, Menteng, Central Jakarta 10340, Java, Indonesia","catering, catering.cafe",-6.1847027,106.8248773
Kopitagram,"Kopitagram, Jalan Kasturi, Palmerah, West Jakarta 11440, Java, Indonesia","building, building.catering, catering, catering.cafe",-6.1792157,106.8010119
Yan Kedai Kopi,"Yan Kedai Kopi, Jalan Haji Agus Salim, Menteng, Central Jakarta 10340, Java, Indonesia","catering, catering.cafe",-6.1863319,106.8252759
Mokka,"Mokka, Jalan Mohammad Husni Thamrin, Tanah Abang, Central Jakarta 10250, Java, Indonesia","catering, catering.cafe",-6.1862503,106.822799
The Coffee Bean & Tea Leaf,"The Coffee Bean and Tea Leaf, Jalan Haji Mohammad Saleh Ishak, Tanah Abang, Central Jakarta 10230, Java, Indonesia","catering, catering.cafe, catering.cafe.coffee, catering.cafe.coffee_shop",-6.1948752,106.8202405
Neighbor,"Neighbor, Jalan Haji Oemar Said Cokroaminoto 72, Menteng, Central Jakarta 10310, Java, Indonesia","catering, catering.cafe, internet_access",-6.195661,106.828576
Bercy Cafe,"Bercy Cafe, Jalan Krekot I, Sawah Besar, Central Jakarta 10120, Java, Indonesia","catering, catering.cafe",-6.1623503,106.8312705
Cosmo Terrace,"Cosmo Terrace, Jalan Haji Mohammad Saleh Ishak, Tanah Abang, Central Jakarta 10230, Java, Indonesia","catering, catering.cafe",-6.1942592,106.8161949
Starbucks,"Starbucks, Jalan Cideng Timur, Gambir, Central Jakarta 10230, Java, Indonesia","catering, catering.cafe, catering.cafe.coffee, catering.cafe.coffee_shop",-6.175383,106.8122042
Roti Bakar 88,"Roti Bakar 88, Jalan Fakhrudin, Tanah Abang, Central Jakarta 10250, Java, Indonesia","catering, catering.cafe",-6.1828953,106.8134743
Starbucks,"Starbucks, Jalan Haji Oemar Said Cokroaminoto 79, Menteng, Central Jakarta 10310, Java, Indonesia","catering, catering.cafe, catering.cafe.coffee, catering.cafe.coffee_shop",-6.1967199,106.8288484
Starbucks,"Starbucks, Jalan Haji Mohammad Saleh Ishak, Menteng, Central Jakarta 10350, Java, Indonesia","catering, catering.cafe, catering.cafe.coffee, catering.cafe.coffee_shop",-6.1937737,106.821699
Point Coffee,"Point Coffee, Jalan Medan Merdeka Timur, Gambir, Central Jakarta 10110, Java, Indonesia","catering, catering.cafe, catering.cafe.coffee, catering.cafe.coffee_shop",-6.1759822,106.8305042
Starbucks,"Starbucks, Jalan Teluk Betung, Tanah Abang, Central Jakarta 10230, Java, Indonesia","catering, catering.cafe, catering.cafe.coffee, catering.cafe.coffee_shop",-6.1950168,106.820348
Maxx Cafe,"Maxx Cafe, Jalan Cideng Barat, Gambir, Central Jakarta 10150, Java, Indonesia","catering, catering.cafe",-6.175877,106.8117672
Starbucks,"Starbucks, Jalan Teuku Cik Ditiro, Menteng, Central Jakarta 10310, Java, Indonesia","catering, catering.cafe, catering.cafe.coffee, catering.cafe.coffee_shop",-6.197776,106.8372442
D'Journal Cafe,"D'Journal Cafe, Jalan Haji Mohammad Saleh Ishak, Tanah Abang, Central Jakarta 10230, Java, Indonesia","catering, catering.cafe",-6.1947826,106.820293
Vilo Gelato,"Vilo Gelato, Jalan Tomang Raya, Palmerah, West Jakarta 11440, Java, Indonesia","catering, catering.cafe, catering.cafe.ice_cream, catering.ice_cream, internet_access, internet_access.for_customers",-6.1753747,106.8028877
Liberica,"Liberica, Jalan Haji Agus Salim, Gambir, Central Jakarta 10110, Java, Indonesia","catering, catering.cafe, wheelchair, wheelchair.limited",-6.1815091,106.8247437
Kopi Toko Djawa (Menteng),"Kopi Toko Djawa (Menteng), Jalan Johar, Menteng, Central Jakarta 10350, Java, Indonesia","catering, catering.cafe",-6.1872151,106.8305702
Starbucks,"Starbucks, Jalan Hayam Wuruk, Gambir, Central Jakarta 10120, Java, Indonesia","catering, catering.cafe, catering.cafe.coffee, catering.cafe.coffee_shop",-6.1648817,106.8205706
Starbucks,"Starbucks, Jalan Pos, Sawah Besar, Central Jakarta 10120, Java, Indonesia","catering, catering.cafe, catering.cafe.coffee, catering.cafe.coffee_shop",-6.1667291,106.8338302
Pison - Kebon Melati,"Pison - Kebon Melati, Jalan Teluk Betung 31-32, Tanah Abang, Central Jakarta 10230, Java, Indonesia","catering, catering.cafe",-6.1976682,106.8225748
Eat Well & Coffee,"Eat Well & Coffee, Jalan Cikini Raya 75, Menteng, Central Jakarta 10330, Java, Indonesia","catering, catering.cafe",-6.1916202,106.8387506
Coto Makassar Senen Syamsul Daeng Ngawing,"Coto Makassar Senen Syamsul Daeng Ngawing, Jalan Kramat Soka, Senen, Central Jakarta 10420, Java, Indonesia","catering, catering.restaurant",-6.1803704,106.8427721
Baruna,"Baruna, Jalan Kebon Sirih Timur Dalam, Menteng, Central Jakarta 10340, Java, Indonesia","catering, catering.restaurant",-6.183837,106.8305097
Rumah Makan Adem Ayem,"Rumah Makan Adem Ayem, Jalan Kaji III 27, Gambir, Central Jakarta 10160, Java, Indonesia","building, building.catering, catering, catering.restaurant",-6.1687228,106.8146303
Ajag Ajig,"Ajag Ajig, Jalan Insinyur Haji Juanda 14, Gambir, Central Jakarta 10120, Java, Indonesia","catering, catering.restaurant",-6.1672892,106.8277904
Rumah makan Padang Puspa Minang,"Rumah makan Padang Puspa Minang, Jalan Sukarjo Wiryopranoto 4, Gambir, Central Jakarta 10120, Java, Indonesia","catering, catering.restaurant",-6.159638,106.8207554
Beautika khas Manado,"Beautika khas Manado, Jalan Tanah Abang V, Gambir, Central Jakarta 10160, Java, Indonesia","catering, catering.restaurant, catering.restaurant.indonesian",-6.1792221,106.8179013
Shanghai Blue 1920,"Shanghai Blue 1920, Jalan Kebon Sirih, Gambir, Central Jakarta 10110, Java, Indonesia","catering, catering.restaurant, catering.restaurant.chinese",-6.1834014,106.8250914
Padang Merdeka,"Padang Merdeka, Jalan Hayam Wuruk 5, Gambir, Central Jakarta 10120, Java, Indonesia","catering, catering.restaurant, halal",-6.1646183,106.8205813
Otak otak Binatu “AN”,"Otak otak Binatu “AN”, Jalan A. M. Sangaji, Gambir, Central Jakarta 10160, Java, Indonesia","catering, catering.restaurant",-6.168346,106.8142939
RM Krekot,"RM Krekot, Jalan Krekot Bunder, Sawah Besar, Central Jakarta 10120, Java, Indonesia","building, building.catering, catering, catering.restaurant",-6.1602319,106.8323241
Tamani Kafe,"Tamani Kafe, Jalan Hayam Wuruk 96A, Taman Sari, West Jakarta 10210, Java, Indonesia","catering, catering.restaurant",-6.1569411,106.8187962
Soto Boyolali Hj. Hesti Cabang Batu Tulis,"Soto Boyolali Hj. Hesti Cabang Batu Tulis, Jalan Batu Tulis Raya, Gambir, Central Jakarta 10120, Java, Indonesia","catering, catering.restaurant",-6.1631073,106.8242287
Bale Lombok,"Bale Lombok, Jalan Tanah Abang II, Gambir, Central Jakarta 10150, Java, Indonesia","catering, catering.restaurant, catering.restaurant.chicken",-6.1762667,106.8105857
Gioi,"Gioi, Jalan Dokter Kusuma Atmaja, Menteng, Central Jakarta 10310, Java, Indonesia","building, building.catering, building.commercial, catering, catering.restaurant",-6.1974252,106.8238996
Ikkudo Ichi,"Ikkudo Ichi, Jalan Teluk Betung, Tanah Abang, Central Jakarta 10230, Java, Indonesia","catering, catering.restaurant, catering.restaurant.japanese",-6.1950822,106.8202796
Baso Malang Oasis,"Baso Malang Oasis, Jalan Letnan Jenderal Suprapto, Senen, Central Jakarta 10460, Java, Indonesia","catering, catering.restaurant",-6.175525,106.8446328
Iga Bakar Tekko,"Iga Bakar Tekko, Jalan Batu Tulis Raya, Gambir, Central Jakarta 10120, Java, Indonesia","catering, catering.restaurant",-6.163368,106.8247716
Saoenk Kito Kamboja,"Saoenk Kito Kamboja, Jalan Kamboja Raya, Palmerah, West Jakarta 11440, Java, Indonesia","catering, catering.restaurant, catering.restaurant.indonesian",-6.1792228,106.8024512
Melly's Garden Bar & Resto,"Melly's Garden Bar & Resto, Jalan Kebon Sirih Timur Dalam No 37-39, Menteng, Central Jakarta 10340, Java, Indonesia","catering, catering.restaurant",-6.184055,106.8303978
Accha Indian Soul Food,"Accha Indian Soul Food, Jalan Tomang Asli, Palmerah, West Jakarta 11440, Java, Indonesia","catering, catering.restaurant",-6.1775372,106.8055916
Soto Betawi Globe H Oji,"Soto Betawi Globe H Oji, Jalan Kyai Haji Samanhudi, Sawah Besar, Central Jakarta 10120, Java, Indonesia","catering, catering.restaurant",-6.1611767,106.8331001
Sushi Matsu,"Sushi Matsu, Jalan Kyai Haji Wahid Hasyim, Menteng, Central Jakarta 10350, Java, Indonesia","catering, catering.restaurant",-6.1872928,106.8273363
Golden Lamian,"Golden Lamian, Jalan Petojo Sabangan II, Gambir, Central Jakarta 10160, Java, Indonesia","catering, catering.restaurant",-6.176156,106.8124641
Pizza Hut,"Pizza Hut, Jalan Haji Imam Sapi'ie, Senen, Central Jakarta 10410, Java, Indonesia","building, building.catering, catering, catering.restaurant, catering.restaurant.pizza",-6.1766476,106.8406956
Dapur Cianjur - Thamrin Residences,"Dapur Cianjur - Thamrin Residences, Jalan KB Melati, Tanah Abang, Central Jakarta 10230, Java, Indonesia","catering, catering.restaurant, catering.restaurant.indonesian",-6.1971015,106.8174182
Warteg Ibu Iyus,"Warteg Ibu Iyus, Jalan M. Mashabi, Tanah Abang, Central Jakarta 10240, Java, Indonesia","catering, catering.restaurant",-6.1931567,106.815344
Bakso 99,"Bakso 99, Jalan Rawa Sawah, Johar Baru, Central Jakarta 10560, Java, Indonesia","building, building.catering, catering, catering.restaurant, catering.restaurant.noodle",-6.1804247,106.8537586
Tanjung Bira khas Sulawesi,"Tanjung Bira khas Sulawesi, Jalan Pecenongan, Gambir, Central Jakarta 10120, Java, Indonesia","building, building.catering, catering, catering.restaurant, catering.restaurant.indonesian",-6.1647088,106.8267719
Liyen,"Liyen, Jalan Batu Tulis Raya, Gambir, Central Jakarta 10120, Java, Indonesia","catering, catering.restaurant, catering.restaurant.chinese",-6.1629623,106.8246395
Wing Lok,"Wing Lok, Jalan Batu Tulis, Gambir, Central Jakarta 10120, Java, Indonesia","catering, catering.restaurant, catering.restaurant.chinese",-6.1627256,106.8264851
depot369,"depot369, Jalan Mangga Besar Raya, Taman Sari, West Jakarta 11150, Java, Indonesia","catering, catering.restaurant, catering.restaurant.chinese",-6.1491304,106.8222
Sukiya,"Sukiya, Jalan Cideng Timur, Gambir, Central Jakarta 10160, Java, Indonesia","catering, catering.restaurant",-6.1728879,106.8116773
Jimbaran,"Jimbaran, Jalan Insinyur Haji Juanda III, Gambir, Central Jakarta 10120, Java, Indonesia","building, building.catering, catering, catering.restaurant",-6.1667133,106.8237837
Restoran Eka Ria,"Restoran Eka Ria, Jalan Kiai Haji Zainul Arifin, Gambir, Central Jakarta 10160, Java, Indonesia","catering, catering.restaurant",-6.160409,106.8158659
Illua Korean BBQ & Soju Box,"Illua Korean BBQ & Soju Box, Jalan Kyai Haji Wahid Hasyim, Menteng, Central Jakarta 10350, Java, Indonesia","catering, catering.restaurant",-6.1873507,106.8261239
Angke Gajah Mada,"Angke Gajah Mada, Jalan Kiai Haji Zainul Arifin 1, Taman Sari, West Jakarta 10130, Java, Indonesia","catering, catering.restaurant",-6.159948,106.8168912
San Yum,"San Yum, Jalan Indragiri, Tanah Abang, Central Jakarta 10230, Java, Indonesia","catering, catering.restaurant",-6.195867,106.8208112
Skye,"Skye, Jalan Mohammad Husni Thamrin 1, Menteng, Central Jakarta 10310, Java, Indonesia","catering, catering.restaurant",-6.1968181,106.8226374
ALMERR BROWNIES,"ALMERR BROWNIES, Jalan Alaydrus 71A, Gambir, Central Jakarta 10160, Java, Indonesia","building, building.catering, catering, catering.restaurant, catering.restaurant.regional",-6.1635246,106.8183813
Yonkira Ramen,"Yonkira Ramen, Jalan Kyai Haji Samanhudi, Taman Sari, West Jakarta 10120, Java, Indonesia","catering, catering.restaurant, catering.restaurant.noodle",-6.1622543,106.8275396
Bakmi GM Sunda,"Bakmi GM Sunda, Jalan Timor 9, Menteng, Central Jakarta 10340, Java, Indonesia","catering, catering.restaurant",-6.1887788,106.8243119
Bakerman Plaza Indonesia,"Bakerman Plaza Indonesia, Jalan Haji Mohammad Saleh Ishak Kav. 28, No.30, Menteng, Central Jakarta 10350, Java, Indonesia","catering, catering.restaurant",-6.19408,106.8218748
nasi uduk ibu ningnung,"nasi uduk ibu ningnung, Jalan Kebon Kacang IX, Tanah Abang, Central Jakarta 10240, Java, Indonesia","catering, catering.restaurant",-6.1886881,106.8186428
Ayam & Bebek Kremes Kriuuuk,"Ayam & Bebek Kremes Kriuuuk, Jalan Haji Mohammad Saleh Ishak, Tanah Abang, Central Jakarta 10230, Java, Indonesia","catering, catering.restaurant, catering.restaurant.indonesian, wheelchair, wheelchair.yes",-6.1972334,106.8174151
Waki,"Waki, Jalan Tanjung Karang, Tanah Abang, Central Jakarta 10230, Java, Indonesia","catering, catering.restaurant, catering.restaurant.japanese",-6.2012262,106.8223197
Marche,"Marche, Jalan Teluk Betung, Tanah Abang, Central Jakarta 10230, Java, Indonesia","catering, catering.restaurant",-6.1950706,106.8201241
Rumah Makan Padang,"Rumah Makan Padang, Jalan Kramat Raya, Senen, Central Jakarta 10450, Java, Indonesia","building, building.catering, catering, catering.restaurant, catering.restaurant.international",-6.1886255,106.8468996
Tony Roma's,"Tony Roma, Jalan Jenderal Sudirman No. 9, Tanah Abang, Central Jakarta 10510, Java, Indonesia","catering, catering.restaurant, catering.restaurant.barbecue",-6.1989928,106.8226681
Restoran Trio,"Trio Restaurant, Jalan RP Soeroso, Menteng, Central Jakarta 10350, Java, Indonesia","building, building.catering, catering, catering.restaurant, catering.restaurant.chinese",-6.1921484,106.8362222
Bebek Bengil Dirty Duck Diner,"Bebek Bengil Dirty Duck Diner, Jalan Kebon Kacang 30, Tanah Abang, Central Jakarta 10350, Java, Indonesia","catering, catering.restaurant, catering.restaurant.indonesian",-6.192862,106.8215615
Jakarta Fruit Market,"Jakarta Fruit Market, Jalan Raden Saleh Raya, Menteng, Central Jakarta 10330, Java, Indonesia","commercial, commercial.supermarket",-6.1926562,106.8407134
Hypermart,"Hypermart, Jalan Avenue I, Tanah Abang, Central Jakarta 10230, Java, Indonesia","commercial, commercial.supermarket",-6.1946879,106.8156052
Pasar Senen,"Pasar Senen, Jalan Kramat Raya, Senen, Central Jakarta 10410, Java, Indonesia","commercial, commercial.supermarket",-6.1760684,106.8425247
Sesa Organic Store Grand Indonesia,"Sesa Organic Store Grand Indonesia, Jalan Teluk Betung, Tanah Abang, Central Jakarta 10230, Java, Indonesia","commercial, commercial.food_and_drink, commercial.food_and_drink.organic, commercial.supermarket",-6.1958697,106.8206331
Prima Fresh Market Mangga Besar,"Prima Fresh Market Mangga Besar, Jalan Mangga Besar VIII, Taman Sari, West Jakarta 11180, Java, Indonesia","commercial, commercial.supermarket",-6.1494252,106.8257193
Michelle Organic Corner,"Michelle Organic Corner, Jalan Haji Agus Salim, Menteng, Central Jakarta 10350, Java, Indonesia","commercial, commercial.food_and_drink, commercial.food_and_drink.organic, commercial.supermarket",-6.189993,106.8249988
NOW Market (Natural Organic Wholefoods),"NOW Market (Natural Organic Wholefoods), Jalan Haji Oemar Said Cokroaminoto 78, Menteng, Central Jakarta 10330, Java, Indonesia","commercial, commercial.food_and_drink, commercial.food_and_drink.organic, commercial.supermarket",-6.1965017,106.8284119
Daily Foodhall,"Daily Foodhall, Jalan Teluk Betung, Tanah Abang, Central Jakarta 10230, Java, Indonesia","commercial, commercial.supermarket",-6.1953235,106.8202971
"Hari Hari Supermarket, Basement","Hari Hari Supermarket, Basement, Jalan Kyai Haji Hasyim Ashari 125, Gambir, Central Jakarta 10150, Java, Indonesia","commercial, commercial.supermarket",-6.1669129,106.8034354
Papaya Fresh Gallery Menteng,"Papaya Fresh Gallery Menteng, Jalan Haji Agus Salim, Menteng, Central Jakarta 10340, Java, Indonesia","building, building.commercial, commercial, commercial.supermarket",-6.1857735,106.8254919
Pasarina,"Pasarina, Jalan Mohammad Husni Thamrin 11, Menteng, Central Jakarta 10310, Java, Indonesia","commercial, commercial.supermarket",-6.1873474,106.8236425
hypermart,"hypermart, Jalan Gajah Mada 110, Gambir, Central Jakarta 10130, Java, Indonesia","commercial, commercial.supermarket",-6.1609205,106.8177468
Warung,"Warung, Jalan Tayu, Menteng, Central Jakarta 10310, Java, Indonesia","commercial, commercial.supermarket",-6.2005285,106.8242289
Djayalina Variasi Motor,"Djayalina Variasi Motor, Jalan Kebon Jeruk III 99AB, Taman Sari, West Jakarta 11160, Java, Indonesia","commercial, commercial.supermarket",-6.1576887,106.8238584
